pos,scaled_pos,time,intensity
-24983.0,-0.053463619999999996,-163913463.0,0.0305
-24907.0,-0.05330098,-163414827.0,0.0299
-24822.0,-0.05311908,-162857142.0,0.0297
-24747.0,-0.05295858,-162365067.0,0.0297
-24664.0,-0.052780959999999995,-161820504.0,0.0295
-24584.0,-0.05260976,-161295624.0,0.0294
-24507.0,-0.052444979999999995,-160790427.0,0.0293
-24423.0,-0.052265219999999994,-160239303.0,0.0291
-24344.0,-0.052096159999999996,-159720984.0,0.0291
-24271.0,-0.05193994,-159242031.0,0.0292
-24185.0,-0.051755899999999994,-158677785.0,0.0292
-24103.0,-0.051580419999999995,-158139783.0,0.0291
-24035.0,-0.0514349,-157693635.0,0.0292
-23944.0,-0.05124015999999999,-157096584.0,0.0293
-23862.0,-0.051064679999999994,-156558582.0,0.0291
-23783.0,-0.050895619999999996,-156040263.0,0.029
-23707.0,-0.05073298,-155541627.0,0.0289
-23633.0,-0.050574619999999994,-155056113.0,0.029
-23544.0,-0.05038416,-154472184.0,0.029
-23459.0,-0.05020226,-153914499.0,0.029
-23382.0,-0.050037479999999995,-153409302.0,0.029
-23302.0,-0.04986628,-152884422.0,0.029
-23222.0,-0.049695079999999996,-152359542.0,0.029
-23155.0,-0.0495517,-151919955.0,0.029
-23062.0,-0.049352679999999996,-151309782.0,0.029
-22982.0,-0.04918148,-150784902.0,0.029
-22905.0,-0.049016699999999996,-150279705.0,0.029
-22828.0,-0.04885191999999999,-149774508.0,0.0289
-22744.0,-0.04867216,-149223384.0,0.0289
-22662.0,-0.04849667999999999,-148685382.0,0.0289
-22591.0,-0.04834474,-148219551.0,0.0289
-22506.0,-0.04816284,-147661866.0,0.0289
-22425.0,-0.0479895,-147130425.0,0.0291
-22348.0,-0.047824719999999994,-146625228.0,0.0291
-22265.0,-0.0476471,-146080665.0,0.0289
-22182.0,-0.047469479999999994,-145536102.0,0.029
-22102.0,-0.04729828,-145011222.0,0.0291
-22028.0,-0.047139919999999995,-144525708.0,0.0291
-21944.0,-0.046960159999999994,-143974584.0,0.0289
-21862.0,-0.046784679999999995,-143436582.0,0.0289
-21779.0,-0.04660706,-142892019.0,0.0288
-21704.0,-0.04644656,-142399944.0,0.0287
-21626.0,-0.04627964,-141888186.0,0.0287
-21547.0,-0.04611058,-141369867.0,0.0287
-21467.0,-0.045939379999999995,-140844987.0,0.0287
-21386.0,-0.045766039999999994,-140313546.0,0.029
-21302.0,-0.04558628,-139762422.0,0.0291
-21227.0,-0.04542578,-139270347.0,0.0291
-21138.0,-0.045235319999999996,-138686418.0,0.029
-21069.0,-0.045087659999999995,-138233709.0,0.0291
-20995.0,-0.0449293,-137748195.0,0.0291
-20906.0,-0.044738839999999995,-137164266.0,0.029
-20832.0,-0.04458048,-136678752.0,0.0289
-20741.0,-0.04438574,-136081701.0,0.0286
-20665.0,-0.044223099999999994,-135583065.0,0.0285
-20582.0,-0.04404548,-135038502.0,0.0289
-20507.0,-0.04388498,-134546427.0,0.0288
-20427.0,-0.043713779999999994,-134021547.0,0.0288
-20343.0,-0.04353402,-133470423.0,0.0287
-20268.0,-0.04337352,-132978348.0,0.0289
-20186.0,-0.04319804,-132440346.0,0.0288
-20105.0,-0.0430247,-131908905.0,0.0291
-20030.0,-0.0428642,-131416830.0,0.0291
-19939.0,-0.04266946,-130819779.0,0.029
-19873.0,-0.04252822,-130386753.0,0.0289
-19784.0,-0.042337759999999995,-129802824.0,0.029
-19708.0,-0.042175119999999997,-129304188.0,0.0289
-19624.0,-0.041995359999999995,-128753064.0,0.029
-19545.0,-0.0418263,-128234745.0,0.0291
-19465.0,-0.041655099999999994,-127709865.0,0.0291
-19389.0,-0.041492459999999995,-127211229.0,0.0291
-19302.0,-0.041306279999999994,-126640422.0,0.0292
-19230.0,-0.0411522,-126168030.0,0.0292
-19142.0,-0.040963879999999994,-125590662.0,0.029
-19062.0,-0.04079268,-125065782.0,0.0291
-18982.0,-0.040621479999999995,-124540902.0,0.0292
-18904.0,-0.040454559999999994,-124029144.0,0.0292
-18829.0,-0.04029406,-123537069.0,0.0293
-18754.0,-0.04013356,-123044994.0,0.0293
-18662.0,-0.039936679999999995,-122441382.0,0.0291
-18586.0,-0.03977404,-121942746.0,0.0291
-18500.0,-0.03959,-121378500.0,0.029
-18424.0,-0.039427359999999995,-120879864.0,0.029
-18343.0,-0.039254019999999994,-120348423.0,0.029
-18263.0,-0.03908282,-119823543.0,0.029
-18183.0,-0.038911619999999994,-119298663.0,0.029
-18105.0,-0.0387447,-118786905.0,0.029
-18028.0,-0.03857992,-118281708.0,0.029
-17948.0,-0.03840872,-117756828.0,0.029
-17872.0,-0.038246079999999995,-117258192.0,0.029
-17781.0,-0.038051339999999996,-116661141.0,0.0292
-17707.0,-0.03789298,-116175627.0,0.0291
-17630.0,-0.037728199999999996,-115670430.0,0.0292
-17544.0,-0.03754416,-115106184.0,0.0292
-17465.0,-0.037375099999999994,-114587865.0,0.029
-17384.0,-0.03720176,-114056424.0,0.0292
-17300.0,-0.037022,-113505300.0,0.0293
-17226.0,-0.036863639999999996,-113019786.0,0.0293
-17151.0,-0.036703139999999995,-112527711.0,0.0293
-17062.0,-0.03651268,-111943782.0,0.0293
-16985.0,-0.036347899999999995,-111438585.0,0.0293
-16901.0,-0.036168139999999994,-110887461.0,0.0293
-16823.0,-0.03600122,-110375703.0,0.0293
-16744.0,-0.035832159999999995,-109857384.0,0.0294
-16661.0,-0.03565454,-109312821.0,0.0294
-16581.0,-0.035483339999999995,-108787941.0,0.0294
-16501.0,-0.03531214,-108263061.0,0.0294
-16430.0,-0.035160199999999996,-107797230.0,0.0294
-16347.0,-0.03498258,-107252667.0,0.0293
-16262.0,-0.03480068,-106694982.0,0.0293
-16184.0,-0.03463376,-106183224.0,0.0294
-16109.0,-0.03447326,-105691149.0,0.0295
-16024.0,-0.03429136,-105133464.0,0.0296
-15944.0,-0.03412016,-104608584.0,0.0295
-15862.0,-0.03394468,-104070582.0,0.0296
-15781.0,-0.03377134,-103539141.0,0.0295
-15706.0,-0.033610839999999996,-103047066.0,0.0294
-15631.0,-0.033450339999999995,-102554991.0,0.0294
-15544.0,-0.03326416,-101984184.0,0.0294
-15471.0,-0.033107939999999995,-101505231.0,0.0293
-15382.0,-0.03291748,-100921302.0,0.0296
-15302.0,-0.032746279999999996,-100396422.0,0.0297
-15230.0,-0.032592199999999995,-99924030.0,0.0298
-15145.0,-0.032410299999999996,-99366345.0,0.0297
-15064.0,-0.032236959999999995,-98834904.0,0.0298
-14982.0,-0.032061479999999996,-98296902.0,0.0299
-14904.0,-0.031894559999999995,-97785144.0,0.0299
-14833.0,-0.03174262,-97319313.0,0.03
-14743.0,-0.03155002,-96728823.0,0.0299
-14664.0,-0.03138096,-96210504.0,0.0302
-14586.0,-0.03121404,-95698746.0,0.0303
-14510.0,-0.031051399999999996,-95200110.0,0.0304
-14422.0,-0.030863079999999998,-94622742.0,0.0303
-14342.0,-0.030691879999999998,-94097862.0,0.0305
-14266.0,-0.03052924,-93599226.0,0.0306
-14186.0,-0.03035804,-93074346.0,0.0306
-14102.0,-0.03017828,-92523222.0,0.0307
-14027.0,-0.030017779999999997,-92031147.0,0.0307
-13944.0,-0.029840159999999998,-91486584.0,0.0305
-13860.0,-0.029660399999999996,-90935460.0,0.0307
-13790.0,-0.029510599999999998,-90476190.0,0.0307
-13704.0,-0.029326559999999998,-89911944.0,0.0303
-13628.0,-0.02916392,-89413308.0,0.0308
-13551.0,-0.028999139999999996,-88908111.0,0.0308
-13462.0,-0.028808679999999996,-88324182.0,0.0309
-13386.0,-0.028646039999999998,-87825546.0,0.0307
-13311.0,-0.028485539999999997,-87333471.0,0.0307
-13224.0,-0.02829936,-86762664.0,0.0304
-13142.0,-0.028123879999999997,-86224662.0,0.0305
-13073.0,-0.02797622,-85771953.0,0.0304
-12981.0,-0.02777934,-85168341.0,0.0306
-12902.0,-0.027610279999999997,-84650022.0,0.0308
-12822.0,-0.027439079999999998,-84125142.0,0.0309
-12752.0,-0.02728928,-83665872.0,0.0308
-12660.0,-0.0270924,-83062260.0,0.0311
-12581.0,-0.026923339999999997,-82543941.0,0.0311
-12505.0,-0.0267607,-82045305.0,0.0311
-12430.0,-0.026600199999999997,-81553230.0,0.031
-12344.0,-0.026416159999999998,-80988984.0,0.0315
-12274.0,-0.02626636,-80529714.0,0.0319
-12185.0,-0.0260759,-79945785.0,0.0322
-12109.0,-0.025913259999999997,-79447149.0,0.0321
-12022.0,-0.02572708,-78876342.0,0.0323
-11943.0,-0.025558019999999997,-78358023.0,0.0324
-11866.0,-0.025393239999999997,-77852826.0,0.0326
-11785.0,-0.025219899999999996,-77321385.0,0.0326
-11707.0,-0.02505298,-76809627.0,0.0326
-11624.0,-0.02487536,-76265064.0,0.0326
-11549.0,-0.024714859999999998,-75772989.0,0.0327
-11468.0,-0.024541519999999997,-75241548.0,0.0327
-11384.0,-0.02436176,-74690424.0,0.0331
-11305.0,-0.024192699999999998,-74172105.0,0.0335
-11226.0,-0.02402364,-73653786.0,0.034
-11147.0,-0.023854579999999997,-73135467.0,0.0341
-11070.0,-0.023689799999999997,-72630270.0,0.0346
-10990.0,-0.023518599999999997,-72105390.0,0.0347
-10902.0,-0.02333028,-71528022.0,0.0345
-10822.0,-0.02315908,-71003142.0,0.0347
-10742.0,-0.02298788,-70478262.0,0.0352
-10665.0,-0.0228231,-69973065.0,0.0356
-10583.0,-0.022647619999999997,-69435063.0,0.036
-10502.0,-0.02247428,-68903622.0,0.036
-10422.0,-0.02230308,-68378742.0,0.0361
-10344.0,-0.02213616,-67866984.0,0.0361
-10267.0,-0.02197138,-67361787.0,0.0362
-10192.0,-0.021810879999999998,-66869712.0,0.0362
-10101.0,-0.02161614,-66272661.0,0.0371
-10027.0,-0.02145778,-65787147.0,0.0374
-9942.0,-0.021275879999999997,-65229462.0,0.0384
-9873.0,-0.02112822,-64776753.0,0.0393
-9783.0,-0.02093562,-64186263.0,0.0398
-9701.0,-0.02076014,-63648261.0,0.0404
-9625.0,-0.020597499999999998,-63149625.0,0.0407
-9547.0,-0.020430579999999997,-62637867.0,0.041
-9467.0,-0.020259379999999997,-62112987.0,0.0414
-9387.0,-0.020088179999999997,-61588107.0,0.0414
-9304.0,-0.019910559999999997,-61043544.0,0.0416
-9219.0,-0.01972866,-60485859.0,0.0424
-9151.0,-0.01958314,-60039711.0,0.0425
-9062.0,-0.01939268,-59455782.0,0.0436
-8982.0,-0.01922148,-58930902.0,0.0444
-8902.0,-0.01905028,-58406022.0,0.0448
-8833.0,-0.01890262,-57953313.0,0.0454
-8742.0,-0.01870788,-57356262.0,0.0462
-8664.0,-0.01854096,-56844504.0,0.0477
-8582.0,-0.01836548,-56306502.0,0.0486
-8502.0,-0.01819428,-55781622.0,0.0489
-8425.0,-0.018029499999999997,-55276425.0,0.0493
-8346.0,-0.017860439999999998,-54758106.0,0.05
-8273.0,-0.01770422,-54279153.0,0.0504
-8179.0,-0.017503059999999997,-53662419.0,0.0525
-8099.0,-0.017331859999999998,-53137539.0,0.0537
-8022.0,-0.017167079999999998,-52632342.0,0.0544
-7950.0,-0.017013,-52159950.0,0.0548
-7859.0,-0.016818259999999998,-51562899.0,0.0573
-7782.0,-0.01665348,-51057702.0,0.0587
-7706.0,-0.01649084,-50559066.0,0.0598
-7622.0,-0.01631108,-50007942.0,0.061
-7542.0,-0.01613988,-49483062.0,0.0628
-7462.0,-0.01596868,-48958182.0,0.0646
-7386.0,-0.01580604,-48459546.0,0.0657
-7303.0,-0.01562842,-47914983.0,0.0666
-7226.0,-0.015463639999999999,-47409786.0,0.0687
-7151.0,-0.015303139999999998,-46917711.0,0.0698
-7062.0,-0.015112679999999998,-46333782.0,0.0715
-6982.0,-0.014941479999999998,-45808902.0,0.0737
-6901.0,-0.014768139999999999,-45277461.0,0.0745
-6821.0,-0.01459694,-44752581.0,0.0748
-6741.0,-0.01442574,-44227701.0,0.0752
-6666.0,-0.014265239999999998,-43735626.0,0.0758
-6584.0,-0.01408976,-43197624.0,0.0777
-6501.0,-0.013912139999999998,-42653061.0,0.0815
-6436.0,-0.013773039999999999,-42226596.0,0.0831
-6342.0,-0.01357188,-41609862.0,0.0849
-6262.0,-0.013400679999999998,-41084982.0,0.0882
-6196.0,-0.013259439999999999,-40651956.0,0.0896
-6102.0,-0.013058279999999998,-40035222.0,0.0922
-6022.0,-0.012887079999999999,-39510342.0,0.0934
-5942.0,-0.012715879999999999,-38985462.0,0.0948
-5859.0,-0.012538259999999999,-38440899.0,0.0963
-5782.0,-0.01237348,-37935702.0,0.0965
-5702.0,-0.01220228,-37410822.0,0.0965
-5623.0,-0.012033219999999999,-36892503.0,0.0972
-5553.0,-0.011883419999999999,-36433233.0,0.0984
-5462.0,-0.01168868,-35836182.0,0.102
-5382.0,-0.011517479999999998,-35311302.0,0.107
-5318.0,-0.01138052,-34891398.0,0.108
-5223.0,-0.01117722,-34268103.0,0.11
-5142.0,-0.011003879999999999,-33736662.0,0.115
-5070.0,-0.0108498,-33264270.0,0.117
-4982.0,-0.01066148,-32686902.0,0.119
-4902.0,-0.01049028,-32162022.0,0.121
-4822.0,-0.01031908,-31637142.0,0.122
-4742.0,-0.01014788,-31112262.0,0.123
-4662.0,-0.00997668,-30587382.0,0.124
-4582.0,-0.00980548,-30062502.0,0.124
-4501.0,-0.009632139999999999,-29531061.0,0.124
-4429.0,-0.00947806,-29058669.0,0.126
-4351.0,-0.009311139999999999,-28546911.0,0.126
-4267.0,-0.00913138,-27995787.0,0.13
-4193.0,-0.00897302,-27510273.0,0.138
-4116.0,-0.00880824,-27005076.0,0.142
-4021.0,-0.00860494,-26381781.0,0.145
-3941.0,-0.008433739999999999,-25856901.0,0.149
-3873.0,-0.008288219999999999,-25410753.0,0.15
-3782.0,-0.00809348,-24813702.0,0.153
-3704.0,-0.00792656,-24301944.0,0.155
-3626.0,-0.007759639999999999,-23790186.0,0.157
-3545.0,-0.0075863,-23258745.0,0.158
-3471.0,-0.007427939999999999,-22773231.0,0.159
-3386.0,-0.00724604,-22215546.0,0.162
-3299.0,-0.007059859999999999,-21644739.0,0.165
-3222.0,-0.00689508,-21139542.0,0.167
-3142.0,-0.00672388,-20614662.0,0.168
-3066.0,-0.0065612399999999994,-20116026.0,0.17
-2991.0,-0.006400739999999999,-19623951.0,0.17
-2908.0,-0.0062231199999999995,-19079388.0,0.177
-2823.0,-0.00604122,-18521703.0,0.186
-2742.0,-0.00586788,-17990262.0,0.191
-2662.0,-0.00569668,-17465382.0,0.197
-2579.0,-0.005519059999999999,-16920819.0,0.199
-2501.0,-0.00535214,-16409061.0,0.2
-2424.0,-0.005187359999999999,-15903864.0,0.202
-2346.0,-0.005020439999999999,-15392106.0,0.202
-2268.0,-0.00485352,-14880348.0,0.202
-2182.0,-0.004669479999999999,-14316102.0,0.209
-2103.0,-0.00450042,-13797783.0,0.213
-2025.0,-0.0043335,-13286025.0,0.217
-1945.0,-0.0041623,-12761145.0,0.219
-1871.0,-0.00400394,-12275631.0,0.221
-1786.0,-0.0038220399999999996,-11717946.0,0.226
-1704.0,-0.0036465599999999996,-11179944.0,0.231
-1625.0,-0.0034774999999999997,-10661625.0,0.232
-1541.0,-0.00329774,-10110501.0,0.234
-1463.0,-0.00313082,-9598743.0,0.234
-1382.0,-0.0029574799999999997,-9067302.0,0.234
-1302.0,-0.00278628,-8542422.0,0.235
-1227.0,-0.00262578,-8050347.0,0.236
-1142.0,-0.00244388,-7492662.0,0.241
-1062.0,-0.00227268,-6967782.0,0.25
-979.0,-0.0020950599999999997,-6423219.0,0.254
-902.0,-0.00193028,-5918022.0,0.257
-822.0,-0.0017590799999999999,-5393142.0,0.259
-754.0,-0.0016135599999999998,-4946994.0,0.261
-659.0,-0.00141026,-4323699.0,0.264
-579.0,-0.00123906,-3798819.0,0.267
-502.0,-0.00107428,-3293622.0,0.271
-433.0,-0.00092662,-2840913.0,0.275
-350.0,-0.000749,-2296350.0,0.276
-262.0,-0.0005606799999999999,-1718982.0,0.278
-187.0,-0.00040018,-1226907.0,0.279
-102.0,-0.00021827999999999998,-669222.0,0.282
-34.0,-7.276e-05,-223074.0,0.284
46.0,9.843999999999999e-05,301806.0,0.285
136.0,0.00029104,892296.0,0.286
218.0,0.00046651999999999994,1430298.0,0.289
291.0,0.00062274,1909251.0,0.29
378.0,0.00080892,2480058.0,0.29
452.0,0.0009672799999999999,2965572.0,0.292
521.0,0.0011149399999999998,3418281.0,0.293
618.0,0.00132252,4054698.0,0.293
690.0,0.0014765999999999998,4527090.0,0.295
771.0,0.00164994,5058531.0,0.295
858.0,0.00183612,5629338.0,0.295
936.0,0.0020030399999999998,6141096.0,0.295
1011.0,0.00216354,6633171.0,0.296
1099.0,0.00235186,7210539.0,0.295
1178.0,0.00252092,7728858.0,0.296
1259.0,0.00269426,8260299.0,0.295
1330.0,0.0028461999999999997,8726130.0,0.295
1416.0,0.0030302399999999996,9290376.0,0.294
1486.0,0.00318004,9749646.0,0.294
1579.0,0.0033790599999999997,10359819.0,0.294
1655.0,0.0035416999999999996,10858455.0,0.293
1738.0,0.00371932,11403018.0,0.293
1814.0,0.00388196,11901654.0,0.293
1889.0,0.0040424599999999995,12393729.0,0.293
1978.0,0.004232919999999999,12977658.0,0.291
2060.0,0.0044084,13515660.0,0.288
2138.0,0.00457532,14027418.0,0.286
2218.0,0.00474652,14552298.0,0.285
2294.0,0.004909159999999999,15050934.0,0.283
2374.0,0.00508036,15575814.0,0.281
2456.0,0.0052558399999999995,16113816.0,0.278
2538.0,0.00543132,16651818.0,0.273
2613.0,0.00559182,17143893.0,0.271
2700.0,0.005777999999999999,17714700.0,0.268
2779.0,0.00594706,18233019.0,0.267
2860.0,0.0061204,18764460.0,0.266
2938.0,0.00628732,19276218.0,0.266
3014.0,0.006449959999999999,19774854.0,0.265
3089.0,0.006610459999999999,20266929.0,0.265
3181.0,0.006807339999999999,20870541.0,0.26
3256.0,0.0069678399999999995,21362616.0,0.252
3338.0,0.00714332,21900618.0,0.249
3418.0,0.00731452,22425498.0,0.247
3496.0,0.00748144,22937256.0,0.246
3576.0,0.00765264,23462136.0,0.244
3656.0,0.007823839999999999,23987016.0,0.243
3734.0,0.00799076,24498774.0,0.243
3809.0,0.008151259999999999,24990849.0,0.243
3898.0,0.008341719999999999,25574778.0,0.229
3967.0,0.00848938,26027487.0,0.224
4059.0,0.00868626,26631099.0,0.218
4137.0,0.008853179999999999,27142857.0,0.209
4218.0,0.00902652,27674298.0,0.205
4295.0,0.0091913,28179495.0,0.203
4378.0,0.00936892,28724058.0,0.2
4457.0,0.00953798,29242377.0,0.199
4529.0,0.009692059999999999,29714769.0,0.198
4620.0,0.0098868,30311820.0,0.187
4684.0,0.01002376,30731724.0,0.184
4777.0,0.010222779999999999,31341897.0,0.179
4857.0,0.010393979999999999,31866777.0,0.172
4924.0,0.010537359999999999,32306364.0,0.169
5021.0,0.01074494,32942781.0,0.165
5097.0,0.010907579999999998,33441417.0,0.158
5177.0,0.01107878,33966297.0,0.156
5252.0,0.011239279999999999,34458372.0,0.154
5339.0,0.011425459999999998,35029179.0,0.149
5418.0,0.011594519999999999,35547498.0,0.143
5498.0,0.011765719999999999,36072378.0,0.141
5574.0,0.011928359999999999,36571014.0,0.14
5652.0,0.01209528,37082772.0,0.138
5738.0,0.01227932,37647018.0,0.134
5818.0,0.01245052,38171898.0,0.13
5899.0,0.012623859999999999,38703339.0,0.128
5978.0,0.01279292,39221658.0,0.126
6055.0,0.012957699999999999,39726855.0,0.124
6135.0,0.013128899999999999,40251735.0,0.123
6208.0,0.01328512,40730688.0,0.122
6297.0,0.01347558,41314617.0,0.117
6377.0,0.013646779999999999,41839497.0,0.109
6458.0,0.013820119999999998,42370938.0,0.106
6535.0,0.0139849,42876135.0,0.104
6618.0,0.01416252,43420698.0,0.1
6698.0,0.01433372,43945578.0,0.0979
6778.0,0.01450492,44470458.0,0.0963
6858.0,0.014676119999999999,44995338.0,0.0948
6936.0,0.014843039999999998,45507096.0,0.0931
7022.0,0.015027079999999998,46071342.0,0.0928
7097.0,0.01518758,46563417.0,0.0928
7177.0,0.015358779999999999,47088297.0,0.0927
7249.0,0.015512859999999998,47560689.0,0.0911
7338.0,0.01570332,48144618.0,0.0868
7403.0,0.01584242,48571083.0,0.0804
7487.0,0.01602218,49122207.0,0.0786
7572.0,0.01620408,49679892.0,0.0759
7661.0,0.01639454,50263821.0,0.0713
7735.0,0.0165529,50749335.0,0.0696
7810.0,0.0167134,51241410.0,0.0675
7899.0,0.01690386,51825339.0,0.0666
7965.0,0.017045099999999997,52258365.0,0.0653
8058.0,0.017244119999999998,52868538.0,0.0633
8133.0,0.01740462,53360613.0,0.0626
8213.0,0.01757582,53885493.0,0.0623
8293.0,0.01774702,54410373.0,0.0616
8376.0,0.01792464,54954936.0,0.0605
8459.0,0.01810226,55499499.0,0.0593
8527.0,0.018247779999999998,55945647.0,0.0587
8611.0,0.01842754,56496771.0,0.0577
8688.0,0.01859232,57001968.0,0.0559
8771.0,0.01876994,57546531.0,0.0539
8843.0,0.01892402,58018923.0,0.0531
8940.0,0.0191316,58655340.0,0.0515
9007.0,0.019274979999999997,59094927.0,0.0513
9103.0,0.01948042,59724783.0,0.0507
9166.0,0.01961524,60138126.0,0.0501
9250.0,0.019795,60689250.0,0.0494
9327.0,0.01995978,61194447.0,0.0489
9421.0,0.02016094,61811181.0,0.0483
9483.0,0.02029362,62217963.0,0.0472
9567.0,0.02047338,62769087.0,0.0467
9661.0,0.020674539999999998,63385821.0,0.0459
9736.0,0.02083504,63877896.0,0.0453
9816.0,0.02100624,64402776.0,0.045
9885.0,0.0211539,64855485.0,0.0449
9974.0,0.02134436,65439414.0,0.0444
10041.0,0.021487739999999998,65879001.0,0.044
10138.0,0.021695319999999997,66515418.0,0.0433
10214.0,0.02185796,67014054.0,0.0428
10293.0,0.022027019999999998,67532373.0,0.0426
10366.0,0.02218324,68011326.0,0.042
10453.0,0.022369419999999998,68582133.0,0.0416
10532.0,0.02253848,69100452.0,0.0412
10614.0,0.02271396,69638454.0,0.0404
10684.0,0.022863759999999997,70097724.0,0.0395
10777.0,0.023062779999999998,70707897.0,0.0393
10851.0,0.023221139999999998,71193411.0,0.0391
10937.0,0.023405179999999998,71757657.0,0.0391
11015.0,0.0235721,72269415.0,0.0389
11094.0,0.023741159999999997,72787734.0,0.0388
11169.0,0.023901659999999998,73279809.0,0.0385
11253.0,0.02408142,73830933.0,0.0384
11331.0,0.024248339999999997,74342691.0,0.0377
11422.0,0.02444308,74939742.0,0.0374
11498.0,0.024605719999999998,75438378.0,0.0374
11574.0,0.02476836,75937014.0,0.037
11648.0,0.02492672,76422528.0,0.0369
11737.0,0.02511718,77006457.0,0.0367
11821.0,0.025296939999999997,77557581.0,0.0362
11897.0,0.02545958,78056217.0,0.0356
11966.0,0.025607239999999996,78508926.0,0.0356
12055.0,0.0257977,79092855.0,0.0353
12136.0,0.025971039999999997,79624296.0,0.0352
12201.0,0.026110139999999997,80050761.0,0.0353
12298.0,0.02631772,80687178.0,0.035
12374.0,0.026480359999999998,81185814.0,0.0348
12454.0,0.026651559999999998,81710694.0,0.0346
12529.0,0.02681206,82202769.0,0.0347
12616.0,0.026998239999999996,82773576.0,0.0342
12691.0,0.027158739999999997,83265651.0,0.034
12775.0,0.027338499999999998,83816775.0,0.034
12857.0,0.027513979999999997,84354777.0,0.0334
12935.0,0.027680899999999998,84866535.0,0.0334
13006.0,0.027832839999999998,85332366.0,0.0334
13091.0,0.028014739999999996,85890051.0,0.0334
13175.0,0.028194499999999997,86441175.0,0.0332
13246.0,0.028346439999999997,86907006.0,0.0331
13338.0,0.028543319999999997,87510618.0,0.033
13404.0,0.028684559999999998,87943644.0,0.0328
13498.0,0.028885719999999997,88560378.0,0.0327
13569.0,0.029037659999999996,89026209.0,0.0325
13659.0,0.029230259999999997,89616699.0,0.0323
13733.0,0.029388619999999997,90102213.0,0.0324
13807.0,0.029546979999999997,90587727.0,0.0323
13898.0,0.02974172,91184778.0,0.032
13967.0,0.029889379999999997,91637487.0,0.0318
14054.0,0.030075559999999998,92208294.0,0.0316
14131.0,0.030240339999999998,92713491.0,0.0315
14218.0,0.03042652,93284298.0,0.0313
14298.0,0.03059772,93809178.0,0.0312
14377.0,0.030766779999999997,94327497.0,0.031
14458.0,0.030940119999999998,94858938.0,0.031
14532.0,0.031098479999999998,95344452.0,0.031
14617.0,0.031280379999999997,95902137.0,0.0308
14696.0,0.031449439999999995,96420456.0,0.0311
14778.0,0.03162492,96958458.0,0.0309
14853.0,0.031785419999999995,97450533.0,0.0309
14929.0,0.03194806,97949169.0,0.0309
15018.0,0.03213852,98533098.0,0.0308
15097.0,0.032307579999999995,99051417.0,0.0307
15171.0,0.03246594,99536931.0,0.0307
15258.0,0.03265212,100107738.0,0.0308
15338.0,0.032823319999999996,100632618.0,0.0309
15418.0,0.03299452,101157498.0,0.0308
15497.0,0.03316358,101675817.0,0.0308
15573.0,0.03332622,102174453.0,0.0308
15649.0,0.033488859999999995,102673089.0,0.0308
15735.0,0.0336729,103237335.0,0.0306
15818.0,0.033850519999999995,103781898.0,0.0306
15894.0,0.03401316,104280534.0,0.0306
15971.0,0.03417794,104785731.0,0.0306
16061.0,0.03437054,105376221.0,0.0304
16135.0,0.034528899999999994,105861735.0,0.0308
16214.0,0.03469796,106380054.0,0.0308
16298.0,0.034877719999999994,106931178.0,0.0307
16377.0,0.03504678,107449497.0,0.0309
16451.0,0.035205139999999996,107935011.0,0.0309
16541.0,0.03539774,108525501.0,0.0308
16615.0,0.0355561,109011015.0,0.0308
16692.0,0.035720879999999997,109516212.0,0.0307
16774.0,0.035896359999999995,110054214.0,0.0307
16850.0,0.036058999999999994,110552850.0,0.0309
16938.0,0.03624732,111130218.0,0.0308
17021.0,0.036424939999999996,111674781.0,0.0306
17096.0,0.03658544,112166856.0,0.0306
17172.0,0.036748079999999995,112665492.0,0.0306
17259.0,0.03693426,113236299.0,0.0302
17338.0,0.037103319999999995,113754618.0,0.0305
17416.0,0.037270239999999996,114266376.0,0.0304
17497.0,0.03744358,114797817.0,0.0305
17570.0,0.037599799999999996,115276770.0,0.0305
17659.0,0.03779026,115860699.0,0.0307
17735.0,0.0379529,116359335.0,0.0304
17810.0,0.0381134,116851410.0,0.0303
17895.0,0.0382953,117409095.0,0.0301
17978.0,0.038472919999999994,117953658.0,0.0302
18058.0,0.03864412,118478538.0,0.0303
18131.0,0.038800339999999996,118957491.0,0.0305
18214.0,0.03897796,119502054.0,0.03
18298.0,0.03915772,120053178.0,0.0302
18378.0,0.039328919999999996,120578058.0,0.0301
18456.0,0.03949584,121089816.0,0.0301
18529.0,0.039652059999999996,121568769.0,0.0301
18618.0,0.03984252,122152698.0,0.0302
18697.0,0.04001158,122671017.0,0.0302
18781.0,0.04019134,123222141.0,0.0299
18860.0,0.0403604,123740460.0,0.0299
18936.0,0.040523039999999996,124239096.0,0.0299
19016.0,0.04069424,124763976.0,0.0301
19091.0,0.040854739999999994,125256051.0,0.0301
19173.0,0.04103022,125794053.0,0.0301
19253.0,0.041201419999999996,126318933.0,0.0301
19332.0,0.041370479999999994,126837252.0,0.0301
19412.0,0.04154168,127362132.0,0.0301
19491.0,0.041710739999999996,127880451.0,0.0301
19576.0,0.041892639999999995,128438136.0,0.0298
19658.0,0.042068119999999994,128976138.0,0.0296
19738.0,0.04223932,129501018.0,0.0296
19818.0,0.04241052,130025898.0,0.0296
19887.0,0.042558179999999994,130478607.0,0.0294
19974.0,0.042744359999999995,131049414.0,0.0295
20051.0,0.04290914,131554611.0,0.0298
20129.0,0.04307606,132066369.0,0.0298
20222.0,0.043275079999999994,132676542.0,0.0296
20286.0,0.04341204,133096446.0,0.0296
20379.0,0.04361106,133706619.0,0.0295
20456.0,0.043775839999999996,134211816.0,0.0294
20531.0,0.04393634,134703891.0,0.0294
20616.0,0.044118239999999996,135261576.0,0.0293
20698.0,0.044293719999999995,135799578.0,0.0294
20772.0,0.04445208,136285092.0,0.0294
20856.0,0.04463184,136836216.0,0.0293
20939.0,0.044809459999999995,137380779.0,0.0292
21011.0,0.044963539999999996,137853171.0,0.0292
21098.0,0.04514972,138423978.0,0.0294
21181.0,0.045327339999999994,138968541.0,0.0294
21254.0,0.04548356,139447494.0,0.0294
21337.0,0.045661179999999996,139992057.0,0.0295
21418.0,0.04583452,140523498.0,0.0294
21498.0,0.04600572,141048378.0,0.0294
21581.0,0.046183339999999996,141592941.0,0.0294
21658.0,0.04634812,142098138.0,0.0294
21734.0,0.04651076,142596774.0,0.0294
21818.0,0.04669052,143147898.0,0.0295
21889.0,0.046842459999999995,143613729.0,0.0295
21974.0,0.047024359999999994,144171414.0,0.0293
22054.0,0.04719556,144696294.0,0.0293
22138.0,0.04737532,145247418.0,0.0294
22218.0,0.047546519999999995,145772298.0,0.0295
22287.0,0.047694179999999996,146225007.0,0.0295
22378.0,0.047888919999999995,146822058.0,0.0293
22457.0,0.04805797999999999,147340377.0,0.0293
22535.0,0.048224899999999994,147852135.0,0.0292
22618.0,0.04840252,148396698.0,0.0291
22695.0,0.048567299999999994,148901895.0,0.0291
22778.0,0.04874492,149446458.0,0.0295
22858.0,0.048916119999999993,149971338.0,0.0295
22936.0,0.049083039999999994,150483096.0,0.0295
23017.0,0.049256379999999995,151014537.0,0.0296
23098.0,0.049429719999999996,151545978.0,0.0294
23177.0,0.049598779999999995,152064297.0,0.0294
23251.0,0.04975714,152549811.0,0.0294
23338.0,0.04994332,153120618.0,0.0293
23418.0,0.050114519999999996,153645498.0,0.0293
23498.0,0.05028572,154170378.0,0.0293
23570.0,0.05043979999999999,154642770.0,0.0292
23659.0,0.050630259999999996,155226699.0,0.0293
23738.0,0.050799319999999995,155745018.0,0.0294
23815.0,0.0509641,156250215.0,0.0293
23889.0,0.051122459999999995,156735729.0,0.0293
23981.0,0.05131934,157339341.0,0.0292
24057.0,0.05148198,157837977.0,0.0292
24137.0,0.05165317999999999,158362857.0,0.0292
24210.0,0.0518094,158841810.0,0.0291
24298.0,0.05199772,159419178.0,0.0294
24378.0,0.052168919999999994,159944058.0,0.0293
24458.0,0.05234012,160468938.0,0.0294
24536.0,0.05250704,160980696.0,0.0293
24617.0,0.05268038,161512137.0,0.0293
24692.0,0.05284087999999999,162004212.0,0.0293
24778.0,0.053024919999999996,162568458.0,0.0296
24852.0,0.05318328,163053972.0,0.0295
24930.0,0.05335019999999999,163565730.0,0.0295
